{
  "chumi": "stick-mikael3.webp",
  "aly": "stick-mikael1.webp",
  "love you": "stick-mikael4.webp",
  "handsome": "stick-mikael2.webp",
  "babe": "stick-mikael5.webp",
  "aww": "stick-mikael5.webp",
  "baby": "stick-mikael3.webp",
  "love": "stick-mikael5.webp",
  "jan": "stick-mikael3.webp",
  "hy": "stick-mikael1.webp",
  "mikael": "stick-mikael4.webp",
  "hi": "stick-mikael3.webp",
  "hello": "stick-mikael3.webp",
  "oye": "stick-mikael3.webp",
  "bye": "stick-mikael5.webp",
  "ayain": "stick-mikael2.webp"
}